uuid;ts;iso_code;country;city;download_raster;download_vector
5cf4f640-854f-4a32-b352-aa0c4379763c;2024-12-05 13:39:18.000;CZ;Czechia;Prague;;2024-12-05 13:40:27.000
9f14539e-7bff-4262-b028-71834ff6b289;2024-12-05 13:43:33.000;CZ;Czechia;Prague;;2024-12-05 13:44:09.000
bb165b61-67e9-41ee-b85e-61058f2af7c2;2024-12-05 13:44:17.000;CZ;Czechia;Prague;;2024-12-05 13:44:50.000
373da16f-ff10-4286-9eae-6ad569b57fe4;2024-12-05 13:45:02.000;CZ;Czechia;Prague;;2024-12-05 13:45:35.000
05c92d8b-8a6f-4c1a-a115-57c4ee1b1be8;2024-12-05 13:45:44.000;CZ;Czechia;Prague;;2024-12-05 13:46:17.000
d5fb0792-97e3-4199-889d-3872c07264e9;2024-12-05 13:46:28.000;CZ;Czechia;Prague;;2024-12-05 13:46:58.000
eb351e50-a82e-4091-adf3-b866ead336fd;2024-12-05 13:47:09.000;CZ;Czechia;Prague;;2024-12-05 13:47:33.000
5ce32f53-8024-422a-a724-4e34dd0829a9;2024-12-05 13:48:04.000;CZ;Czechia;Prague;;2024-12-05 13:48:50.000
649f8563-38a5-472c-8c80-36e7dda3f93f;2024-12-05 13:48:59.000;CZ;Czechia;Prague;;2024-12-05 13:49:59.000
fd9bd577-f521-45ad-a38a-9fed93e276ee;2024-12-05 13:50:09.000;CZ;Czechia;Prague;;2024-12-05 13:50:38.000
95bf5058-c7e8-4b5a-9a27-7e68b3e2e4c0;2024-12-05 16:48:46.000;US;United States;Las Vegas;2024-12-05 16:49:00.000;
5df1c3ec-fa94-41ef-8de0-7667542d9fe7;2024-12-09 15:01:57.000;US;United States;Mobile;2024-12-09 15:09:43.000;2024-12-09 15:02:31.000
90b1dfda-51d8-41e6-95ab-e575e6f19fb1;2024-12-09 15:44:26.000;CZ;Czechia;Mnichovo Hradiště;;2024-12-09 15:52:03.000
178a9e21-f697-48b2-9104-4b1d1b7b49c5;2024-12-09 16:04:06.000;CO;Colombia;Ibagué;2024-12-09 16:04:30.000;2024-12-09 16:09:33.000
b024840f-91b7-493c-a283-525b7dd96589;2024-12-09 16:25:11.000;CZ;Czechia;Mnichovo Hradiště;;2024-12-09 16:28:19.000
a608b2df-f068-49dc-a930-4268fd13650b;2024-12-09 16:28:57.000;CZ;Czechia;Mnichovo Hradiště;;2024-12-09 16:31:42.000
74f7f63b-a0a0-4633-b822-857f31cfc893;2024-12-09 20:30:41.000;CO;Colombia;Ibagué;2024-12-09 20:36:19.000;2024-12-09 20:31:37.000
b6350212-6d20-4cf5-93ee-352ac1c1f642;2024-12-09 20:32:12.000;CO;Colombia;Ibagué;;2024-12-09 20:33:39.000
b6350212-6d20-4cf5-93ee-352ac1c1f642;2024-12-09 20:32:17.000;US;United States;None;;2024-12-09 20:33:39.000
32c4fa87-f5be-4e66-9765-4bdd67564125;2024-12-09 20:32:25.000;CO;Colombia;Medellín;;2024-12-09 20:34:14.000
f819bade-79d4-49cb-bc90-29fb9c816205;2024-12-09 20:44:08.000;CO;Colombia;Ibagué;;2024-12-09 20:49:33.000
f2ebd1bb-9655-42d6-94cf-d0a8a53c66de;2024-12-09 20:45:29.000;CO;Colombia;Bogotá;2024-12-09 20:45:56.000;2024-12-09 20:46:06.000
c5cd7d8a-1cf3-4609-88c3-5453e13bbe37;2024-12-09 20:46:05.000;CO;Colombia;Ibagué;2024-12-09 20:46:50.000;2024-12-09 20:51:43.000
8ec79f6d-7cec-430a-a5be-cda5ad987adf;2024-12-09 20:47:16.000;CO;Colombia;Bogotá;2024-12-09 20:52:37.000;2024-12-09 20:48:23.000
8ec79f6d-7cec-430a-a5be-cda5ad987adf;2024-12-09 20:47:16.000;CO;Colombia;Bogotá;2024-12-09 20:48:10.000;2024-12-09 20:48:23.000
8ec79f6d-7cec-430a-a5be-cda5ad987adf;2024-12-09 20:47:16.000;CO;Colombia;Bogotá;2024-12-09 20:52:37.000;2024-12-09 20:52:34.000
8ec79f6d-7cec-430a-a5be-cda5ad987adf;2024-12-09 20:47:16.000;CO;Colombia;Bogotá;2024-12-09 20:48:10.000;2024-12-09 20:52:34.000
8bcf65fc-1770-415e-834a-1eb0094e3503;2024-12-10 10:45:01.000;DE;Germany;Heidelberg;2024-12-10 10:48:57.000;
8bcf65fc-1770-415e-834a-1eb0094e3503;2024-12-10 10:45:01.000;DE;Germany;Heidelberg;2024-12-10 10:45:19.000;
badd6c3f-34cb-4b8d-83d9-eed1fa6a6041;2024-12-10 10:45:09.000;DE;Germany;Heidelberg;2024-12-10 10:45:25.000;2024-12-10 10:46:09.000
badd6c3f-34cb-4b8d-83d9-eed1fa6a6041;2024-12-10 10:45:09.000;DE;Germany;Heidelberg;2024-12-10 10:45:25.000;2024-12-10 10:47:14.000
badd6c3f-34cb-4b8d-83d9-eed1fa6a6041;2024-12-10 10:45:09.000;DE;Germany;Heidelberg;2024-12-10 10:53:57.000;2024-12-10 10:46:09.000
badd6c3f-34cb-4b8d-83d9-eed1fa6a6041;2024-12-10 10:45:09.000;DE;Germany;Heidelberg;2024-12-10 10:53:57.000;2024-12-10 10:47:14.000
badd6c3f-34cb-4b8d-83d9-eed1fa6a6041;2024-12-10 10:45:09.000;DE;Germany;Heidelberg;2024-12-10 10:53:57.000;2024-12-10 10:47:44.000
badd6c3f-34cb-4b8d-83d9-eed1fa6a6041;2024-12-10 10:45:09.000;DE;Germany;Heidelberg;2024-12-10 10:45:25.000;2024-12-10 10:47:44.000
badd6c3f-34cb-4b8d-83d9-eed1fa6a6041;2024-12-10 10:45:09.000;DE;Germany;Heidelberg;2024-12-10 10:53:57.000;2024-12-10 10:47:37.000
badd6c3f-34cb-4b8d-83d9-eed1fa6a6041;2024-12-10 10:45:09.000;DE;Germany;Heidelberg;2024-12-10 10:45:25.000;2024-12-10 10:47:37.000
8bcf65fc-1770-415e-834a-1eb0094e3503;2024-12-10 10:45:35.000;DE;Germany;Heidelberg;2024-12-10 10:48:57.000;
90854e0d-a993-4190-ad5e-b480d421b2c0;2024-12-10 10:45:35.000;DE;Germany;Heidelberg;;2024-12-10 10:47:01.000
8bcf65fc-1770-415e-834a-1eb0094e3503;2024-12-10 10:45:35.000;DE;Germany;Heidelberg;2024-12-10 10:45:19.000;
90854e0d-a993-4190-ad5e-b480d421b2c0;2024-12-10 10:45:36.000;US;United States;Boardman;;2024-12-10 10:47:01.000
90854e0d-a993-4190-ad5e-b480d421b2c0;2024-12-10 10:45:37.000;US;United States;Boardman;;2024-12-10 10:47:01.000
32450620-8c13-4fa1-aacc-1659c0853880;2024-12-10 10:46:15.000;DE;Germany;Heidelberg;2024-12-10 10:46:39.000;2024-12-10 10:52:04.000
1e25f0d5-788d-411e-af9d-6106e7688dea;2024-12-10 10:47:34.000;DE;Germany;Heidelberg;2024-12-10 10:48:03.000;2024-12-10 10:48:09.000
6fee6a5e-16e2-468f-9c76-caaca4c25bdd;2024-12-10 10:49:10.000;DE;Germany;Heidelberg;2024-12-10 10:49:27.000;2024-12-10 10:50:29.000
ec024f17-2077-4310-9f13-dc25348e644c;2024-12-10 10:49:14.000;DE;Germany;Oberursel;2024-12-10 10:49:33.000;
ec024f17-2077-4310-9f13-dc25348e644c;2024-12-10 10:49:59.000;DE;Germany;Oberursel;2024-12-10 10:49:33.000;
3f0f9bd4-35b9-4162-b8ff-270447b51e68;2024-12-10 10:50:26.000;DE;Germany;Heidelberg;2024-12-10 10:53:08.000;2024-12-10 10:50:49.000
0d07783b-cc23-4b71-b065-ce4240329632;2024-12-10 10:50:49.000;DE;Germany;Oberursel;2024-12-10 10:53:11.000;2024-12-10 10:51:09.000
0d07783b-cc23-4b71-b065-ce4240329632;2024-12-10 10:50:49.000;DE;Germany;Oberursel;2024-12-10 10:50:54.000;2024-12-10 10:51:09.000
5d77f691-6228-4885-aea7-89af228d50e7;2024-12-10 10:51:16.000;DE;Germany;Heidelberg;2024-12-10 10:51:35.000;2024-12-10 10:52:31.000
132ce9c2-ceee-4d23-911e-472eb7d69442;2024-12-10 10:51:20.000;DE;Germany;Heidelberg;2024-12-10 10:51:32.000;
68fbfaf3-7e7c-4907-b913-ca648c7136e6;2024-12-10 10:51:43.000;DE;Germany;Heidelberg;;2024-12-10 10:52:55.000
511a96b5-1163-42a1-a4d1-1ba1360ce09d;2024-12-10 10:51:55.000;DE;Germany;Heidelberg;2024-12-10 10:52:17.000;2024-12-10 10:57:53.000
c1317beb-d64d-487c-bf23-84d1d657c305;2024-12-10 10:52:18.000;DE;Germany;Heidelberg;2024-12-10 10:52:55.000;2024-12-10 10:54:43.000
c1317beb-d64d-487c-bf23-84d1d657c305;2024-12-10 10:52:18.000;DE;Germany;Heidelberg;2024-12-10 10:52:55.000;2024-12-10 10:53:30.000
9f01d99d-f259-41b8-a9f9-7b0bb237d0bb;2024-12-10 10:53:37.000;DE;Germany;Heidelberg;2024-12-10 10:54:24.000;2024-12-10 10:54:31.000
dbdcd111-e707-4c13-bd43-7e3536260d67;2024-12-10 10:53:38.000;DE;Germany;Heidelberg;2024-12-10 10:53:59.000;2024-12-10 10:54:29.000
292ec63b-d25e-438f-9594-8540081d3bc2;2024-12-10 10:55:09.000;DE;Germany;Oberursel;;
6f87115f-7e51-4869-a94e-51619ba5b47f;2024-12-10 10:55:12.000;DE;Germany;Heidelberg;2024-12-10 10:55:52.000;
ca6f0e28-683a-44bc-b0a0-ba0fe37e9b2f;2024-12-10 10:57:22.000;DE;Germany;Heidelberg;2024-12-10 10:57:53.000;2024-12-10 10:57:55.000
ca6f0e28-683a-44bc-b0a0-ba0fe37e9b2f;2024-12-10 10:57:24.000;US;United States;Boardman;2024-12-10 10:57:53.000;2024-12-10 10:57:55.000
d2399563-fb8e-4d71-80c8-8c014720efb4;2024-12-10 10:57:34.000;DE;Germany;Heidelberg;;2024-12-10 10:58:01.000
511a96b5-1163-42a1-a4d1-1ba1360ce09d;2024-12-10 10:57:44.000;DE;Germany;Heidelberg;2024-12-10 10:52:17.000;2024-12-10 10:57:53.000
cd00ec89-fdcd-4b8b-a85f-166f49998c35;2024-12-10 10:58:51.000;DE;Germany;Heidelberg;2024-12-10 10:59:01.000;2024-12-10 10:59:52.000
bc795da8-362c-43cd-b078-c799ec847a5d;2024-12-10 10:59:28.000;DE;Germany;Heidelberg;2024-12-10 10:59:50.000;
bc795da8-362c-43cd-b078-c799ec847a5d;2024-12-10 11:30:26.000;US;United States;New York;2024-12-10 10:59:50.000;
e32ea319-4905-4cd7-8f4f-6f23cd247d97;2024-12-10 12:51:41.000;DE;Germany;Heidelberg;2024-12-10 12:51:57.000;2024-12-10 12:52:07.000
bb5c1790-d623-480a-a780-5b7ce945f5eb;2024-12-10 13:07:55.000;CZ;Czechia;Mnichovo Hradiště;;2024-12-10 13:08:28.000
46d0c936-2dd9-46af-ab09-2415a495636c;2024-12-10 13:18:44.000;CZ;Czechia;Mnichovo Hradiště;;2024-12-10 13:20:28.000
d9384f39-9223-4a57-8330-67f7b2a2a0ae;2024-12-10 13:30:09.000;CZ;Czechia;Mnichovo Hradiště;;2024-12-10 13:31:02.000
212fba42-9b34-47ed-be86-588501a538b8;2024-12-10 13:32:31.000;CZ;Czechia;Mnichovo Hradiště;;2024-12-10 13:33:09.000
83a658b2-0886-44f1-9b8c-e14399a68749;2024-12-10 13:37:52.000;CZ;Czechia;Mnichovo Hradiště;;2024-12-10 13:38:22.000
0d26c11f-0465-4405-b20a-3d223a519e7f;2024-12-10 13:40:06.000;CZ;Czechia;Mnichovo Hradiště;;2024-12-10 13:40:35.000
e032ee9a-97cb-473b-a5d3-e3259e59e2c5;2024-12-10 15:26:26.000;CZ;Czechia;Prague;;2024-12-10 15:27:58.000
6c1bf80d-1bc5-4da6-8216-6098c3b0481d;2024-12-10 15:38:53.000;CZ;Czechia;Prague;;
23294e75-8e18-4c7e-bde3-1dca5b64b827;2024-12-10 15:42:16.000;CZ;Czechia;Prague;;
23294e75-8e18-4c7e-bde3-1dca5b64b827;2024-12-10 15:48:47.000;CZ;Czechia;Prague;;
14e4ec7e-4af9-4213-9fb7-e1301ca1f42c;2024-12-10 15:49:31.000;CZ;Czechia;Prague;;2024-12-10 15:50:07.000
53b39d6d-55b6-467b-96ec-2c3dbda2df8c;2024-12-10 15:53:48.000;CZ;Czechia;Prague;;2024-12-10 15:54:46.000
d58b7269-e7ec-4ee7-a771-4df043af3a9c;2024-12-10 16:00:19.000;CZ;Czechia;Prague;;2024-12-10 16:01:45.000
4103546b-08e1-4539-9bb2-91448bbad7ec;2024-12-10 16:03:11.000;CZ;Czechia;Prague;;
d92b160d-60bc-4540-9211-d8c053354395;2024-12-10 16:06:19.000;CZ;Czechia;Prague;;2024-12-10 16:06:59.000
2cb1a3f4-0ead-4654-ab48-a4cbe8f86983;2024-12-10 16:10:10.000;CZ;Czechia;Prague;;2024-12-10 16:10:45.000
fb1987c2-9f09-4c19-abd8-871c3e2debf0;2024-12-10 16:14:53.000;CZ;Czechia;Prague;;2024-12-10 16:15:30.000
3283ac95-e54d-4a35-ae84-0d58add67b75;2024-12-10 16:18:00.000;CZ;Czechia;Prague;;2024-12-10 16:21:22.000
caebecbc-bdf5-4e3e-b5b2-14191817e55a;2024-12-10 16:33:35.000;CZ;Czechia;Prague;;
caebecbc-bdf5-4e3e-b5b2-14191817e55a;2024-12-10 16:41:35.000;CZ;Czechia;Prague;;
26362ba2-1b28-46ec-ac7c-b430094c4b7b;2024-12-10 16:42:23.000;CZ;Czechia;Prague;;2024-12-10 16:42:55.000
9d2b9b4c-5ca6-4442-a659-3fb0732d7e02;2024-12-10 16:53:25.000;CZ;Czechia;Prague;;2024-12-10 16:53:58.000
32c4fa87-f5be-4e66-9765-4bdd67564125;2024-12-10 17:20:40.000;CO;Colombia;Ibagué;;2024-12-09 20:34:14.000
32c4fa87-f5be-4e66-9765-4bdd67564125;2024-12-10 17:20:45.000;US;United States;None;;2024-12-09 20:34:14.000
8ec79f6d-7cec-430a-a5be-cda5ad987adf;2024-12-10 20:08:41.000;CO;Colombia;Bogotá;2024-12-09 20:48:10.000;2024-12-09 20:52:34.000
8ec79f6d-7cec-430a-a5be-cda5ad987adf;2024-12-10 20:08:41.000;CO;Colombia;Bogotá;2024-12-09 20:52:37.000;2024-12-09 20:52:34.000
8ec79f6d-7cec-430a-a5be-cda5ad987adf;2024-12-10 20:08:41.000;CO;Colombia;Bogotá;2024-12-09 20:48:10.000;2024-12-09 20:48:23.000
8ec79f6d-7cec-430a-a5be-cda5ad987adf;2024-12-10 20:08:41.000;CO;Colombia;Bogotá;2024-12-09 20:52:37.000;2024-12-09 20:48:23.000
8ec79f6d-7cec-430a-a5be-cda5ad987adf;2024-12-10 20:10:47.000;CO;Colombia;Bogotá;2024-12-09 20:48:10.000;2024-12-09 20:52:34.000
8ec79f6d-7cec-430a-a5be-cda5ad987adf;2024-12-10 20:10:47.000;CO;Colombia;Bogotá;2024-12-09 20:52:37.000;2024-12-09 20:48:23.000
8ec79f6d-7cec-430a-a5be-cda5ad987adf;2024-12-10 20:10:47.000;CO;Colombia;Bogotá;2024-12-09 20:52:37.000;2024-12-09 20:52:34.000
8ec79f6d-7cec-430a-a5be-cda5ad987adf;2024-12-10 20:10:47.000;CO;Colombia;Bogotá;2024-12-09 20:48:10.000;2024-12-09 20:48:23.000
796b0f5f-d251-4f0e-8953-f8ef2ce92519;2024-12-10 20:12:51.000;CO;Colombia;Bogotá;2024-12-10 20:13:05.000;2024-12-10 20:14:07.000
06f4fadb-094f-4d81-814e-4a18bdc3bc5d;2024-12-10 20:15:31.000;CO;Colombia;Ibagué;2024-12-10 20:15:51.000;
06f4fadb-094f-4d81-814e-4a18bdc3bc5d;2024-12-10 20:15:36.000;US;United States;None;2024-12-10 20:15:51.000;
006378bb-8894-42f9-af69-6e3312ddd39a;2024-12-10 20:16:35.000;CO;Colombia;Medellín;2024-12-10 20:26:47.000;
006378bb-8894-42f9-af69-6e3312ddd39a;2024-12-10 20:16:35.000;CO;Colombia;Medellín;2024-12-10 20:17:20.000;
006378bb-8894-42f9-af69-6e3312ddd39a;2024-12-10 20:16:35.000;CO;Colombia;Medellín;2024-12-10 20:26:45.000;
006378bb-8894-42f9-af69-6e3312ddd39a;2024-12-10 20:16:35.000;CO;Colombia;Medellín;2024-12-10 20:26:49.000;
7fb48ed1-49ac-4f79-8474-7eec26bb13d0;2024-12-10 20:19:41.000;CO;Colombia;Ibagué;2024-12-10 20:20:13.000;2024-12-10 20:20:22.000
c493b493-0058-4b5e-b516-c926ce6f063b;2024-12-10 20:19:45.000;CO;Colombia;Medellín;2024-12-10 20:20:41.000;2024-12-10 20:21:11.000
f7e5211b-c70d-46a3-b1b0-cc381fb66c81;2024-12-10 20:20:39.000;CO;Colombia;Ibagué;2024-12-10 20:20:48.000;2024-12-10 20:21:25.000
dcfd22b8-45d6-4aa1-bd44-0164cdda5f49;2024-12-10 20:20:55.000;CO;Colombia;Barranquilla;2024-12-10 20:21:09.000;2024-12-10 20:22:18.000
dcfd22b8-45d6-4aa1-bd44-0164cdda5f49;2024-12-10 20:20:55.000;CO;Colombia;Barranquilla;2024-12-10 20:21:09.000;2024-12-10 20:25:52.000
dcfd22b8-45d6-4aa1-bd44-0164cdda5f49;2024-12-10 20:21:37.000;CO;Colombia;Barranquilla;2024-12-10 20:21:09.000;2024-12-10 20:25:52.000
dcfd22b8-45d6-4aa1-bd44-0164cdda5f49;2024-12-10 20:21:37.000;CO;Colombia;Barranquilla;2024-12-10 20:21:09.000;2024-12-10 20:22:18.000
95c2416d-55e5-4d61-bb18-c789028cb6a3;2024-12-10 20:21:53.000;CO;Colombia;Ibagué;2024-12-10 20:22:01.000;2024-12-10 20:22:18.000
02f2f80a-1f6a-46e9-887e-74f5bcf3d6eb;2024-12-10 20:28:57.000;CO;Colombia;Medellín;2024-12-10 20:29:11.000;2024-12-10 20:52:08.000
a18f552a-1548-404a-8193-349a310bf46b;2024-12-10 20:32:02.000;CO;Colombia;Barranquilla;2024-12-10 20:32:32.000;2024-12-10 20:33:29.000
02f2f80a-1f6a-46e9-887e-74f5bcf3d6eb;2024-12-11 11:23:59.000;CO;Colombia;Quibdó;2024-12-10 20:29:11.000;2024-12-10 20:52:08.000
32c4fa87-f5be-4e66-9765-4bdd67564125;2024-12-11 14:55:49.000;CO;Colombia;Medellín;;2024-12-09 20:34:14.000
32c4fa87-f5be-4e66-9765-4bdd67564125;2024-12-11 14:56:02.000;CO;Colombia;Medellín;;2024-12-09 20:34:14.000
487a2a4c-f10c-4bb8-b2f6-2d554e661b19;2024-12-11 20:03:33.000;CZ;Czechia;Zlín;;2024-12-11 20:04:51.000
e544fc9d-93db-44de-a1eb-abdce0e73996;2024-12-11 20:05:25.000;CZ;Czechia;Zlín;;2024-12-11 20:06:46.000
a53be66c-7be7-4ec3-94dd-132927a3ffb7;2024-12-11 20:07:59.000;CZ;Czechia;Zlín;;2024-12-11 20:08:44.000
b1978a3c-da31-42dd-8c7e-ecaa17c95954;2024-12-11 20:09:02.000;CZ;Czechia;Zlín;;2024-12-11 20:09:37.000
5d3a87a1-34bf-4968-adec-5f5647a3928d;2024-12-11 20:09:54.000;CZ;Czechia;Zlín;;2024-12-11 20:11:29.000
fb9b63fb-0b1b-4209-9a88-ae2557bff776;2024-12-11 20:11:52.000;CZ;Czechia;Zlín;;2024-12-11 20:12:26.000
8f977297-6de4-4717-911a-bc4ee1e7d4f2;2024-12-11 20:13:30.000;CZ;Czechia;Zlín;;2024-12-11 20:13:57.000
cebd183e-cba6-4929-b536-26a88f3e440f;2024-12-11 20:14:13.000;CZ;Czechia;Zlín;;2024-12-11 20:14:43.000
ea7e08a4-c7e2-407f-bef2-582be822e865;2024-12-11 20:15:11.000;CZ;Czechia;Zlín;;2024-12-11 20:15:41.000
ea7e08a4-c7e2-407f-bef2-582be822e865;2024-12-11 20:15:11.000;CZ;Czechia;Zlín;;2024-12-11 20:16:02.000
44e84216-da46-4547-a9c2-761845dc9c04;2024-12-11 20:17:07.000;CZ;Czechia;Zlín;;2024-12-11 20:18:23.000
19bba322-6860-4efe-b818-67ed16bb2af7;2024-12-11 20:31:22.000;CZ;Czechia;Zlín;;2024-12-11 20:32:23.000
56954968-f4a9-41e2-a911-480f74904ff3;2024-12-11 20:51:27.000;IN;India;Lucknow;2024-12-11 20:51:55.000;
24090669-9f7f-45ac-a70e-ce6394fdacf8;2024-12-11 20:52:18.000;IN;India;Lucknow;2024-12-11 20:52:36.000;
308eb89f-c2b4-482e-bb5d-05c971023cde;2024-12-11 21:15:22.000;CO;Colombia;Bogotá;;2024-12-11 21:16:17.000
77929e3b-0dd7-47e3-a4ac-bda0991ff4ce;2024-12-11 23:15:36.000;DE;Germany;Berlin;2024-12-11 23:17:35.000;2024-12-11 23:16:23.000
614ebbb8-d00b-4c77-a817-925cf5a0b073;2024-12-12 13:31:55.000;DE;Germany;Bonn;;2024-12-12 13:32:20.000
f216d6ba-0ae5-4ddc-89ce-c2c2c2621ee9;2024-12-12 13:37:40.000;DE;Germany;Bonn;;
f216d6ba-0ae5-4ddc-89ce-c2c2c2621ee9;2024-12-12 13:45:44.000;DE;Germany;Bonn;;
beac31ad-ce59-49d9-b9c4-99243fe6d031;2024-12-12 13:56:28.000;DE;Germany;Bonn;;2024-12-12 13:57:00.000
8b6f4b58-bb4a-4447-bfab-dc600e1d94fa;2024-12-12 15:50:04.000;CO;Colombia;Medellín;;2024-12-12 15:52:27.000
8b6f4b58-bb4a-4447-bfab-dc600e1d94fa;2024-12-12 15:50:04.000;CO;Colombia;Medellín;;2024-12-12 15:50:47.000
8b6f4b58-bb4a-4447-bfab-dc600e1d94fa;2024-12-12 15:50:04.000;CO;Colombia;Medellín;;2024-12-12 15:52:22.000
8b6f4b58-bb4a-4447-bfab-dc600e1d94fa;2024-12-12 15:50:05.000;US;United States;None;;2024-12-12 15:50:47.000
8b6f4b58-bb4a-4447-bfab-dc600e1d94fa;2024-12-12 15:50:05.000;US;United States;None;;2024-12-12 15:52:27.000
8b6f4b58-bb4a-4447-bfab-dc600e1d94fa;2024-12-12 15:50:05.000;US;United States;None;;2024-12-12 15:52:22.000
31b38fdd-3ca6-45bb-b3a2-91c521778418;2024-12-12 15:51:11.000;CO;Colombia;Medellín;2024-12-12 15:55:08.000;2024-12-12 15:56:49.000
31b38fdd-3ca6-45bb-b3a2-91c521778418;2024-12-12 15:51:11.000;CO;Colombia;Medellín;2024-12-12 15:52:27.000;2024-12-12 15:56:49.000
0c476bcd-bba9-4824-b927-98aa3e33dced;2024-12-12 15:54:48.000;CO;Colombia;Medellín;2024-12-12 15:58:18.000;2024-12-12 15:58:27.000
0c476bcd-bba9-4824-b927-98aa3e33dced;2024-12-12 15:54:52.000;US;United States;None;2024-12-12 15:58:18.000;2024-12-12 15:58:27.000
0c476bcd-bba9-4824-b927-98aa3e33dced;2024-12-12 15:54:53.000;US;United States;None;2024-12-12 15:58:18.000;2024-12-12 15:58:27.000
31b38fdd-3ca6-45bb-b3a2-91c521778418;2024-12-12 15:55:21.000;CO;Colombia;Medellín;2024-12-12 15:52:27.000;2024-12-12 15:56:49.000
31b38fdd-3ca6-45bb-b3a2-91c521778418;2024-12-12 15:55:21.000;CO;Colombia;Medellín;2024-12-12 15:55:08.000;2024-12-12 15:56:49.000
86cb7044-2adb-4b3b-aaa6-f8e4fc9f0a75;2024-12-12 15:55:52.000;CO;Colombia;Quibdó;2024-12-12 15:56:17.000;2024-12-12 15:56:44.000
86cb7044-2adb-4b3b-aaa6-f8e4fc9f0a75;2024-12-12 15:55:52.000;CO;Colombia;Quibdó;2024-12-12 15:56:17.000;2024-12-12 15:56:55.000
17ce5c42-1853-495e-8831-9616c46d1121;2024-12-12 15:58:10.000;CO;Colombia;Medellín;2024-12-12 15:59:07.000;2024-12-12 15:59:23.000
e4b77545-1c5a-4a5b-98d6-dcd45d8a8a5c;2024-12-12 15:59:28.000;CO;Colombia;Quibdó;2024-12-12 15:59:58.000;2024-12-12 16:00:09.000
baf912bb-6885-416b-97ec-73dec62c31b6;2024-12-12 16:03:44.000;CO;Colombia;Quibdó;2024-12-12 16:04:25.000;
baf912bb-6885-416b-97ec-73dec62c31b6;2024-12-12 16:03:44.000;CO;Colombia;Quibdó;2024-12-12 16:04:54.000;
baf912bb-6885-416b-97ec-73dec62c31b6;2024-12-12 16:03:44.000;CO;Colombia;Quibdó;2024-12-12 16:04:55.000;
ded7caf5-2360-4850-a583-64d82d11ebe0;2024-12-12 16:05:39.000;CO;Colombia;Quibdó;;
fe9cacd9-40e9-417a-a8c6-0b16fa7b1fdc;2024-12-12 16:08:24.000;CO;Colombia;Medellín;2024-12-12 16:09:58.000;2024-12-12 16:09:26.000
afa4311f-c4a6-4199-a6a1-9cdd5edcba4d;2024-12-14 11:52:37.000;DE;Germany;Heidelberg;;2024-12-14 12:18:52.000
e9607538-b86e-48f3-b561-f81fa7b348a3;2024-12-14 12:26:18.000;DE;Germany;Heidelberg;;2024-12-14 12:27:05.000
79661267-d22f-43ae-be32-4bbba7b9c88f;2024-12-14 12:27:58.000;DE;Germany;Heidelberg;;2024-12-14 12:28:19.000
cdaa4393-aeab-421f-9ecb-904601602f5d;2024-12-14 12:29:20.000;DE;Germany;Heidelberg;;2024-12-14 12:29:41.000
29455ed1-88a9-48e3-ac95-2aa3df7b471c;2024-12-14 12:30:05.000;DE;Germany;Heidelberg;;2024-12-14 12:30:55.000
1382c9fe-0730-47a0-abb6-48ffb633c31c;2024-12-14 12:31:33.000;DE;Germany;Heidelberg;;2024-12-14 12:31:56.000
051525cf-e4d0-4500-9fce-aa3abc4a77d5;2024-12-14 12:32:23.000;DE;Germany;Heidelberg;;2024-12-14 12:35:19.000
4884973d-4fc1-40b7-ab41-dedb8a689aff;2024-12-14 12:36:10.000;DE;Germany;Heidelberg;;2024-12-14 12:36:45.000
8713d083-99cf-4fde-92c1-c6067eb6f52a;2024-12-14 12:37:01.000;DE;Germany;Heidelberg;;2024-12-14 12:37:24.000
617f0f93-163a-4315-8cae-fc6dd7f73d49;2024-12-14 12:37:36.000;DE;Germany;Heidelberg;;2024-12-14 12:38:22.000
dd6dba9e-e022-46e1-9589-40fd3047a3c2;2024-12-14 12:38:30.000;DE;Germany;Heidelberg;;2024-12-14 12:39:51.000
b99eb0c0-250c-4b49-a36e-5ea196516ccd;2024-12-14 12:40:14.000;DE;Germany;Heidelberg;;2024-12-14 12:41:49.000
7853fc33-c715-4f9c-9f2e-83a7b0771d6a;2024-12-14 12:42:02.000;DE;Germany;Heidelberg;;2024-12-14 12:42:49.000
a05399fa-ecb4-429f-97a1-48245d2db747;2024-12-14 12:42:58.000;DE;Germany;Heidelberg;;2024-12-14 12:44:06.000
46264121-981f-4608-a0a0-26d1aadb9ce4;2024-12-14 12:44:34.000;DE;Germany;Heidelberg;;2024-12-14 12:45:18.000
0df04d28-6bcf-4737-ba44-26f4d08d527f;2024-12-14 12:46:02.000;DE;Germany;Heidelberg;;2024-12-14 12:46:27.000
4b6874bf-b072-44b0-a234-7245d8e352a0;2024-12-14 12:46:43.000;DE;Germany;Heidelberg;;2024-12-14 12:47:06.000
09935ab7-dd9a-40a8-aefe-9df51fce68ad;2024-12-14 12:47:25.000;DE;Germany;Heidelberg;;2024-12-14 12:47:56.000
729ad084-5cb1-4629-8a47-0eb56bd9bcce;2024-12-14 12:48:19.000;DE;Germany;Heidelberg;;2024-12-14 12:49:14.000
40cc37d4-127b-428e-9ad9-8dbd6ed6d6d7;2024-12-14 12:49:43.000;DE;Germany;Heidelberg;;2024-12-14 12:50:14.000
90e04aff-de14-473d-94d5-569270ed99b5;2024-12-14 12:50:49.000;DE;Germany;Heidelberg;;2024-12-14 12:51:13.000
3309d3b5-8380-4e5f-9305-cc436fad82ff;2024-12-14 12:51:42.000;DE;Germany;Heidelberg;;2024-12-14 12:52:06.000
5e6ba525-33a9-4912-80d5-ee9d1f0ef611;2024-12-14 12:52:47.000;DE;Germany;Heidelberg;;2024-12-14 12:53:11.000
afa4311f-c4a6-4199-a6a1-9cdd5edcba4d;2024-12-14 12:52:54.000;DE;Germany;Heidelberg;;2024-12-14 12:18:52.000
02148750-ecda-4aba-b4f6-152c02c1e5b1;2024-12-14 12:53:27.000;DE;Germany;Heidelberg;;2024-12-14 12:53:52.000
fd751649-e69c-4079-90c7-75c2d214ef30;2024-12-14 12:54:09.000;DE;Germany;Heidelberg;;2024-12-14 12:54:36.000
da3a0ce1-af7e-44c8-b785-2f0f7a4791a8;2024-12-14 12:56:18.000;DE;Germany;Heidelberg;;2024-12-14 12:57:18.000
ca7cf973-c4f5-41a5-a59a-d03d724ef1b3;2024-12-14 12:57:32.000;DE;Germany;Heidelberg;;2024-12-14 12:59:07.000
d62de763-e91e-4e0f-99d5-ee125e1cd7a7;2024-12-14 12:59:29.000;DE;Germany;Heidelberg;;2024-12-14 13:00:12.000
a7de3ff6-a6c9-40ee-9c40-cc10f22b78a5;2024-12-14 13:00:23.000;DE;Germany;Heidelberg;;2024-12-14 13:01:07.000
d4a59fb0-b2da-41bf-a240-a5092122efbd;2024-12-14 13:01:19.000;DE;Germany;Heidelberg;;2024-12-14 13:01:48.000
102826c7-8916-4d53-a54c-7d66e00c44b1;2024-12-14 13:02:02.000;DE;Germany;Heidelberg;;2024-12-14 13:02:26.000
48e70d03-ae92-4a60-b48a-cd38070ef357;2024-12-14 13:02:36.000;DE;Germany;Heidelberg;;2024-12-14 13:02:57.000
8ba07ca4-9cb2-4ed4-a5f0-65a036743fa3;2024-12-14 13:03:09.000;DE;Germany;Heidelberg;;2024-12-14 13:04:03.000
e9607538-b86e-48f3-b561-f81fa7b348a3;2024-12-15 11:15:58.000;DE;Germany;Heidelberg;;2024-12-14 12:27:05.000
79661267-d22f-43ae-be32-4bbba7b9c88f;2024-12-15 11:16:01.000;DE;Germany;Heidelberg;;2024-12-14 12:28:19.000
cdaa4393-aeab-421f-9ecb-904601602f5d;2024-12-15 11:16:05.000;DE;Germany;Heidelberg;;2024-12-14 12:29:41.000
29455ed1-88a9-48e3-ac95-2aa3df7b471c;2024-12-15 11:16:12.000;DE;Germany;Heidelberg;;2024-12-14 12:30:55.000
1382c9fe-0730-47a0-abb6-48ffb633c31c;2024-12-15 11:16:15.000;DE;Germany;Heidelberg;;2024-12-14 12:31:56.000
051525cf-e4d0-4500-9fce-aa3abc4a77d5;2024-12-15 11:16:18.000;DE;Germany;Heidelberg;;2024-12-14 12:35:19.000
4884973d-4fc1-40b7-ab41-dedb8a689aff;2024-12-15 11:16:21.000;DE;Germany;Heidelberg;;2024-12-14 12:36:45.000
8713d083-99cf-4fde-92c1-c6067eb6f52a;2024-12-15 11:16:24.000;DE;Germany;Heidelberg;;2024-12-14 12:37:24.000
617f0f93-163a-4315-8cae-fc6dd7f73d49;2024-12-15 11:16:27.000;DE;Germany;Heidelberg;;2024-12-14 12:38:22.000
dd6dba9e-e022-46e1-9589-40fd3047a3c2;2024-12-15 11:16:31.000;DE;Germany;Heidelberg;;2024-12-14 12:39:51.000
b99eb0c0-250c-4b49-a36e-5ea196516ccd;2024-12-15 11:16:34.000;DE;Germany;Heidelberg;;2024-12-14 12:41:49.000
7853fc33-c715-4f9c-9f2e-83a7b0771d6a;2024-12-15 11:16:37.000;DE;Germany;Heidelberg;;2024-12-14 12:42:49.000
a05399fa-ecb4-429f-97a1-48245d2db747;2024-12-15 11:16:40.000;DE;Germany;Heidelberg;;2024-12-14 12:44:06.000
46264121-981f-4608-a0a0-26d1aadb9ce4;2024-12-15 11:16:43.000;DE;Germany;Heidelberg;;2024-12-14 12:45:18.000
0df04d28-6bcf-4737-ba44-26f4d08d527f;2024-12-15 11:16:46.000;DE;Germany;Heidelberg;;2024-12-14 12:46:27.000
4b6874bf-b072-44b0-a234-7245d8e352a0;2024-12-15 11:16:49.000;DE;Germany;Heidelberg;;2024-12-14 12:47:06.000
09935ab7-dd9a-40a8-aefe-9df51fce68ad;2024-12-15 11:16:52.000;DE;Germany;Heidelberg;;2024-12-14 12:47:56.000
729ad084-5cb1-4629-8a47-0eb56bd9bcce;2024-12-15 11:16:55.000;DE;Germany;Heidelberg;;2024-12-14 12:49:14.000
40cc37d4-127b-428e-9ad9-8dbd6ed6d6d7;2024-12-15 11:16:58.000;DE;Germany;Heidelberg;;2024-12-14 12:50:14.000
90e04aff-de14-473d-94d5-569270ed99b5;2024-12-15 11:17:01.000;DE;Germany;Heidelberg;;2024-12-14 12:51:13.000
3309d3b5-8380-4e5f-9305-cc436fad82ff;2024-12-15 11:17:05.000;DE;Germany;Heidelberg;;2024-12-14 12:52:06.000
5e6ba525-33a9-4912-80d5-ee9d1f0ef611;2024-12-15 11:17:08.000;DE;Germany;Heidelberg;;2024-12-14 12:53:11.000
02148750-ecda-4aba-b4f6-152c02c1e5b1;2024-12-15 11:17:11.000;DE;Germany;Heidelberg;;2024-12-14 12:53:52.000
fd751649-e69c-4079-90c7-75c2d214ef30;2024-12-15 11:17:14.000;DE;Germany;Heidelberg;;2024-12-14 12:54:36.000
da3a0ce1-af7e-44c8-b785-2f0f7a4791a8;2024-12-15 11:17:17.000;DE;Germany;Heidelberg;;2024-12-14 12:57:18.000
ca7cf973-c4f5-41a5-a59a-d03d724ef1b3;2024-12-15 11:17:20.000;DE;Germany;Heidelberg;;2024-12-14 12:59:07.000
d62de763-e91e-4e0f-99d5-ee125e1cd7a7;2024-12-15 11:17:23.000;DE;Germany;Heidelberg;;2024-12-14 13:00:12.000
a7de3ff6-a6c9-40ee-9c40-cc10f22b78a5;2024-12-15 11:17:26.000;DE;Germany;Heidelberg;;2024-12-14 13:01:07.000
d4a59fb0-b2da-41bf-a240-a5092122efbd;2024-12-15 11:17:29.000;DE;Germany;Heidelberg;;2024-12-14 13:01:48.000
102826c7-8916-4d53-a54c-7d66e00c44b1;2024-12-15 11:17:32.000;DE;Germany;Heidelberg;;2024-12-14 13:02:26.000
48e70d03-ae92-4a60-b48a-cd38070ef357;2024-12-15 11:17:35.000;DE;Germany;Heidelberg;;2024-12-14 13:02:57.000
8ba07ca4-9cb2-4ed4-a5f0-65a036743fa3;2024-12-15 11:17:39.000;DE;Germany;Heidelberg;;2024-12-14 13:04:03.000
c2f0442a-8f28-4331-a643-e8e8584bd859;2024-12-16 02:53:24.000;DE;Germany;Heidelberg;;2024-12-16 02:54:02.000
a94df8fa-29db-4b75-9f7f-4575430542bf;2024-12-16 10:35:09.000;DE;Germany;Berlin;2024-12-16 10:35:15.000;
0dde0874-96a2-4305-824a-ab5ae9377422;2024-12-16 11:40:05.000;ID;Indonesia;Surabaya;2024-12-16 11:40:23.000;
92f3f693-9fd9-475e-b3d6-bc25d6bdef47;2024-12-16 18:41:12.000;GB;United Kingdom;Cannock;2024-12-16 18:41:53.000;2024-12-16 18:42:02.000
4ff742c6-8b9b-4d89-ac4c-20c753b61c86;2024-12-16 18:46:18.000;GB;United Kingdom;Cannock;2024-12-16 18:48:08.000;
326276f1-3567-43b8-933a-60e8f4ced47a;2024-12-16 19:06:45.000;GB;United Kingdom;Cannock;2024-12-16 19:07:02.000;
3338e91c-8db7-4441-9dc1-52fdc252d1c6;2024-12-17 07:20:11.000;IN;India;Lucknow;;
49406949-817a-4df9-b660-3cee5fb18b37;2024-12-17 07:20:58.000;IN;India;Lucknow;;
d9beb101-bc5a-46dd-8e49-540d7e4deefb;2024-12-18 02:17:06.000;PH;Philippines;Bacoor;;
a6a02117-bfa8-4c4d-b1b9-89b09c2bcc44;2024-12-18 02:17:40.000;PH;Philippines;Bacoor;2024-12-18 02:17:48.000;
a6a02117-bfa8-4c4d-b1b9-89b09c2bcc44;2024-12-18 02:17:40.000;PH;Philippines;Bacoor;2024-12-18 02:19:03.000;
c493b493-0058-4b5e-b516-c926ce6f063b;2024-12-19 16:30:04.000;CO;Colombia;Bogotá;2024-12-10 20:20:41.000;2024-12-10 20:21:11.000
ad04f7ad-a170-4cd4-80e3-b4c50d41b326;2024-12-19 20:18:40.000;CO;Colombia;Bogotá;2024-12-19 20:18:56.000;
fe226d80-96d6-42f5-9a05-665b3974486c;2024-12-20 02:55:09.000;NZ;New Zealand;None;;
65a0d698-23c2-421e-bf69-c09a51037c4c;2024-12-22 08:44:47.000;MY;Malaysia;None;2024-12-22 08:45:04.000;
7655e50d-b817-4344-97e0-06a382c7abe3;2024-12-24 19:20:31.000;IQ;Iraq;Baghdad;2024-12-24 19:20:39.000;
3c57d74b-06f3-4a1f-8f63-efdff1f0c920;2024-12-26 09:54:01.000;IN;India;None;2024-12-26 09:54:13.000;
c100e179-bd46-453a-8aee-64d41fd72d5f;2024-12-26 20:09:45.000;PH;Philippines;Manila;;
d8ae4f27-9986-4a13-928d-4e784c5696d7;2024-12-26 23:48:20.000;PH;Philippines;General Trias;2024-12-26 23:51:29.000;2024-12-26 23:51:38.000
d8ae4f27-9986-4a13-928d-4e784c5696d7;2024-12-26 23:48:20.000;PH;Philippines;General Trias;2024-12-26 23:48:36.000;2024-12-26 23:51:38.000
d8ae4f27-9986-4a13-928d-4e784c5696d7;2024-12-26 23:48:20.000;PH;Philippines;General Trias;2024-12-26 23:48:36.000;2024-12-26 23:51:07.000
d8ae4f27-9986-4a13-928d-4e784c5696d7;2024-12-26 23:48:20.000;PH;Philippines;General Trias;2024-12-26 23:51:29.000;2024-12-26 23:51:07.000
d8ae4f27-9986-4a13-928d-4e784c5696d7;2024-12-26 23:51:03.000;PH;Philippines;General Trias;2024-12-26 23:48:36.000;2024-12-26 23:51:38.000
d8ae4f27-9986-4a13-928d-4e784c5696d7;2024-12-26 23:51:03.000;PH;Philippines;General Trias;2024-12-26 23:51:29.000;2024-12-26 23:51:07.000
d8ae4f27-9986-4a13-928d-4e784c5696d7;2024-12-26 23:51:03.000;PH;Philippines;General Trias;2024-12-26 23:48:36.000;2024-12-26 23:51:07.000
d8ae4f27-9986-4a13-928d-4e784c5696d7;2024-12-26 23:51:03.000;PH;Philippines;General Trias;2024-12-26 23:51:29.000;2024-12-26 23:51:38.000
dd91ffce-ad98-4481-a9c0-1365731486ae;2024-12-27 02:37:08.000;PH;Philippines;Manila;;
1b858af9-7cc5-4f28-bbf8-802bcbee4d30;2024-12-28 13:54:53.000;PH;Philippines;Cagayan de Oro;2024-12-28 13:55:00.000;
1b858af9-7cc5-4f28-bbf8-802bcbee4d30;2024-12-28 13:56:33.000;PH;Philippines;Cagayan de Oro;2024-12-28 13:55:00.000;
1b858af9-7cc5-4f28-bbf8-802bcbee4d30;2024-12-28 13:56:42.000;PH;Philippines;Cagayan de Oro;2024-12-28 13:55:00.000;
132ce9c2-ceee-4d23-911e-472eb7d69442;2024-12-28 19:09:21.000;US;United States;None;2024-12-10 10:51:32.000;
c6c8e6d0-cb98-409c-9add-bb92d9d67782;2024-12-30 18:26:04.000;ES;Spain;Sitges;2024-12-30 18:26:18.000;2024-12-30 18:26:35.000
c6c8e6d0-cb98-409c-9add-bb92d9d67782;2024-12-30 20:17:34.000;ES;Spain;Sitges;2024-12-30 18:26:18.000;2024-12-30 18:26:35.000
8e639972-9179-487d-937a-f04fe8296184;2025-01-04 02:34:18.000;ID;Indonesia;Bandung;;2025-01-04 02:34:54.000
abd571f3-a1cd-4ab3-b41e-d943cbef49a6;2025-01-07 02:14:10.000;AU;Australia;Sydney;2025-01-07 02:22:26.000;2025-01-07 02:29:07.000
abd571f3-a1cd-4ab3-b41e-d943cbef49a6;2025-01-07 02:14:10.000;AU;Australia;Sydney;2025-01-07 02:22:26.000;2025-01-07 02:15:17.000
db27e051-6e60-47c5-89e7-c7e5549440fc;2025-01-07 15:56:51.000;DE;Germany;Berlin;;2025-01-07 15:57:10.000
98e2679d-4853-4592-ace3-f97d3a28824e;2025-01-07 15:58:07.000;DE;Germany;Berlin;2025-01-07 16:03:48.000;2025-01-07 15:59:17.000
98e2679d-4853-4592-ace3-f97d3a28824e;2025-01-07 16:03:46.000;DE;Germany;Berlin;2025-01-07 16:03:48.000;2025-01-07 15:59:17.000
8b520f42-1770-4ad0-8fe0-e47d509b5e43;2025-01-08 08:14:00.000;PH;Philippines;Quezon City;2025-01-08 08:14:10.000;
0c06c38c-ff9d-4705-9509-32401ae8a9ad;2025-01-08 08:15:26.000;PH;Philippines;Pasig;2025-01-08 08:15:45.000;2025-01-08 08:18:26.000
0c06c38c-ff9d-4705-9509-32401ae8a9ad;2025-01-08 08:15:26.000;PH;Philippines;Pasig;2025-01-08 08:21:49.000;2025-01-08 08:18:26.000
3bfb4702-3546-4125-bd42-bfe001a791ee;2025-01-08 08:37:51.000;PH;Philippines;Pasig;2025-01-08 08:39:07.000;2025-01-08 08:39:01.000
d5617915-7156-4500-9d0a-d3b653b657d8;2025-01-08 08:38:21.000;DE;Germany;Berlin;2025-01-08 08:38:31.000;2025-01-08 08:38:40.000
11954058-ee05-49ec-848a-655ce5f2f980;2025-01-08 14:29:17.000;HN;Honduras;San Pedro Sula;2025-01-08 14:29:49.000;
d376eb2c-03ba-4d13-ac22-bc5d9755708c;2025-01-08 17:14:41.000;IR;Iran;None;2025-01-08 17:17:30.000;
32c4fa87-f5be-4e66-9765-4bdd67564125;2025-01-08 20:54:11.000;CO;Colombia;Cartagena;;2024-12-09 20:34:14.000
8b520f42-1770-4ad0-8fe0-e47d509b5e43;2025-01-09 02:13:26.000;PH;Philippines;Quezon City;2025-01-08 08:14:10.000;
d05f9e52-581e-4537-86f9-a4d848658463;2025-01-09 16:23:33.000;RU;Russia;Moscow;2025-01-09 16:23:43.000;
3a8ced49-4281-4916-be45-0ee235c56290;2025-01-10 09:18:41.000;ES;Spain;Tarragona;2025-01-10 09:18:58.000;2025-01-10 09:19:16.000
c3c9b96e-78a7-44ca-a7ae-1f5e089056b4;2025-01-10 13:27:21.000;DE;Germany;Munich;2025-01-10 13:27:32.000;2025-01-10 13:27:55.000
964d32d5-848f-4813-bfd6-c16c4da080ff;2025-01-10 13:28:17.000;DE;Germany;Munich;2025-01-10 13:28:22.000;2025-01-10 13:28:38.000
fe8934ce-a40b-423c-9fd0-1cb6feb76238;2025-01-10 20:42:52.000;LV;Latvia;Riga;2025-01-10 20:43:14.000;
fe8934ce-a40b-423c-9fd0-1cb6feb76238;2025-01-10 20:43:38.000;LV;Latvia;Riga;2025-01-10 20:43:14.000;
8ceb40ec-6271-4640-a6b8-eda8d347095e;2025-01-13 11:50:52.000;HR;Croatia;Zagreb;;
bc00c0dc-5e3e-4221-ac00-e46a790b25ab;2025-01-13 17:51:35.000;DE;Germany;Ulm;;
8e7e8f00-352f-4b27-8a05-41001fd70d50;2025-01-14 02:46:30.000;PH;Philippines;Batangas;;
00e65430-af34-434d-acf0-f330e7e6914a;2025-01-14 11:52:36.000;DE;Germany;Berlin;;
b9dbebc7-d046-4258-813f-e98cdb71e5f4;2025-01-14 16:03:51.000;CA;Canada;La Minerve;;
70c5ce1d-6014-41f3-9a87-0ecca9b43198;2025-01-14 16:06:44.000;CA;Canada;La Minerve;2025-01-14 16:06:59.000;
00e65430-af34-434d-acf0-f330e7e6914a;2025-01-15 07:59:37.000;DE;Germany;Munich;;
dee327cc-e3ff-495a-a411-ae681beb1d3e;2025-01-15 08:32:24.000;DE;Germany;Munich;2025-01-15 08:32:36.000;2025-01-15 08:32:58.000
cd5f01b4-fe61-4b13-a443-20de20b6fcac;2025-01-15 08:33:12.000;DE;Germany;Munich;2025-01-15 08:33:29.000;2025-01-15 08:33:42.000
f5e83f7b-ba84-4045-be56-195ff38b27de;2025-01-15 08:33:51.000;DE;Germany;Munich;2025-01-15 08:36:21.000;2025-01-15 08:34:20.000
fec353dc-454a-4baa-a58d-cc5567abf2f1;2025-01-15 08:37:23.000;DE;Germany;Munich;2025-01-15 08:38:01.000;2025-01-15 08:38:07.000
2ee524f2-5f34-47d1-a6af-d0bc7cb86254;2025-01-15 08:38:28.000;DE;Germany;Munich;2025-01-15 08:39:04.000;2025-01-15 08:39:14.000
da77b84e-e468-41f2-ad6d-c142487a28b7;2025-01-15 09:12:23.000;MA;Morocco;Marrakesh;2025-01-15 09:13:17.000;2025-01-15 09:12:51.000
2ee524f2-5f34-47d1-a6af-d0bc7cb86254;2025-01-15 16:48:41.000;DE;Germany;Munich;2025-01-15 08:39:04.000;2025-01-15 08:39:14.000
60bd34de-1668-45c0-916b-3a049c3ce602;2025-01-18 07:35:48.000;PH;Philippines;Cebu City;;
996ff9b8-f738-4a2c-b6d9-823247da56cc;2025-01-19 04:01:23.000;QA;Qatar;Doha;2025-01-19 04:01:58.000;
e7677d32-65fc-44b4-9647-d8b8083bced3;2025-01-22 01:04:52.000;PH;Philippines;Maramag;2025-01-22 01:05:13.000;
e7677d32-65fc-44b4-9647-d8b8083bced3;2025-01-22 01:05:58.000;PH;Philippines;Maramag;2025-01-22 01:05:13.000;
e7677d32-65fc-44b4-9647-d8b8083bced3;2025-01-22 01:06:02.000;PH;Philippines;Maramag;2025-01-22 01:05:13.000;
c996eb6a-11fd-4020-b7e7-a612bdd9ec74;2025-01-22 01:10:19.000;PH;Philippines;Maramag;;
c8ba4c56-1710-4f9b-b9b0-caaf891855c4;2025-01-22 01:12:13.000;PH;Philippines;Maramag;2025-01-22 01:17:00.000;2025-01-22 01:12:31.000
c8ba4c56-1710-4f9b-b9b0-caaf891855c4;2025-01-22 01:12:13.000;PH;Philippines;Maramag;2025-01-22 01:17:00.000;2025-01-22 01:15:47.000
31d12122-1178-4f20-b5f8-cbd14428f958;2025-01-23 10:45:08.000;TR;Türkiye;Istanbul;2025-01-23 10:45:27.000;
31d12122-1178-4f20-b5f8-cbd14428f958;2025-01-23 11:25:35.000;TR;Türkiye;Istanbul;2025-01-23 10:45:27.000;
2d7fdf39-c1c4-4be3-b8b5-820597e1339d;2025-01-24 01:30:54.000;MY;Malaysia;Cyberjaya;2025-01-24 01:35:06.000;2025-01-24 01:32:17.000
3009b600-7a41-42f3-bd95-192cb717869f;2025-01-24 06:30:03.000;MY;Malaysia;Cyberjaya;;
5619ca9f-2612-4984-8b53-a9c85b60318a;2025-01-24 15:21:32.000;AO;Angola;Luanda;2025-01-24 15:22:09.000;2025-01-24 15:22:27.000
90854e0d-a993-4190-ad5e-b480d421b2c0;2025-01-25 16:58:34.000;DE;Germany;Heidelberg;;2024-12-10 10:47:01.000
0f0e84a3-c9ee-42a1-8f9f-e17b5444ba05;2025-01-26 06:41:30.000;IN;India;Tirupati;;
a36eec3c-04a2-4ae3-9569-ce90de542137;2025-01-27 01:22:27.000;PH;Philippines;Manila;2025-01-27 01:23:24.000;2025-01-27 01:23:13.000
ce68954d-ec5d-470b-b203-d869f03f3ee5;2025-01-27 02:57:30.000;PH;Philippines;Iloilo City;2025-01-27 02:57:50.000;
6c62ee16-82a4-4eef-abb3-af41afd6b585;2025-01-27 04:53:10.000;IN;India;None;;
2497757e-4ed8-496a-a943-33e45a623c77;2025-01-27 07:05:45.000;AO;Angola;Luanda;2025-01-27 07:05:53.000;2025-01-27 07:06:16.000
0103e384-434e-4e0d-bd9f-045b5e2f0638;2025-01-27 07:25:27.000;AO;Angola;Luanda;2025-01-27 07:26:25.000;2025-01-27 07:26:28.000
b6c0ee2f-dcb8-4bbc-88f5-69bf75c2de50;2025-01-27 07:45:53.000;AO;Angola;Luanda;2025-01-27 07:46:31.000;2025-01-27 07:46:33.000
786adcf2-53ef-4180-acd5-372ab5dcdcaa;2025-01-27 07:47:02.000;AO;Angola;Luanda;2025-01-27 07:49:15.000;2025-01-27 07:48:18.000
57994a48-5e95-400d-97a5-956634940ab4;2025-01-28 05:51:29.000;PH;Philippines;Dagohoy;;
be4430a3-26ec-4813-87b4-37ad2d81bba9;2025-01-28 16:00:53.000;AR;Argentina;La Plata;2025-01-28 16:01:18.000;2025-01-28 16:01:16.000
38840136-7f78-4aea-8e1a-dff4795a9ebc;2025-01-29 02:37:39.000;EC;Ecuador;Quito;;2025-01-29 02:38:12.000
02b95c7c-6f6e-43c3-9ade-f281ac55ea61;2025-01-29 03:30:48.000;EG;Egypt;None;2025-01-29 03:31:18.000;2025-01-29 03:31:21.000
c44e570c-25a0-45f7-976f-6a371fce2391;2025-01-29 08:06:39.000;AO;Angola;Luanda;2025-01-29 08:06:46.000;
d8901c9c-e4f1-4fe0-8ecb-da9872ded030;2025-01-29 09:11:41.000;PH;Philippines;City of Muntinlupa;2025-01-29 09:11:58.000;
53b45c6c-ed1a-4ec2-9517-ba7e3cc1d86a;2025-01-29 09:12:45.000;PH;Philippines;City of Muntinlupa;;
b2765af3-30a1-4722-99f8-aa6eaf1b8593;2025-01-29 20:22:13.000;HN;Honduras;Tegucigalpa;2025-01-29 20:22:53.000;2025-01-29 20:22:35.000
53b45c6c-ed1a-4ec2-9517-ba7e3cc1d86a;2025-01-30 01:00:25.000;PH;Philippines;City of Muntinlupa;;
53b45c6c-ed1a-4ec2-9517-ba7e3cc1d86a;2025-01-30 10:30:00.000;PH;Philippines;City of Muntinlupa;;
e0b939f7-692e-41f9-914b-fbeae69043f2;2025-01-30 16:20:09.000;AR;Argentina;La Plata;;2025-01-30 16:20:32.000
80565108-0879-47d8-b0c4-8ec9783d0d36;2025-01-30 17:52:09.000;PH;Philippines;Naic;;
e0b939f7-692e-41f9-914b-fbeae69043f2;2025-01-30 20:15:59.000;AR;Argentina;La Plata;;2025-01-30 16:20:32.000
53b45c6c-ed1a-4ec2-9517-ba7e3cc1d86a;2025-01-31 00:55:42.000;PH;Philippines;City of Muntinlupa;;
c182e066-7b90-4923-a3cb-83472ad4da09;2025-02-01 11:51:31.000;KE;Kenya;Nairobi;2025-02-01 11:51:39.000;
bfd9bf38-af69-464e-aa44-3327f5bc99f2;2025-02-01 17:01:21.000;CH;Switzerland;Zurich;2025-02-01 17:01:51.000;
bfd9bf38-af69-464e-aa44-3327f5bc99f2;2025-02-01 17:01:21.000;CH;Switzerland;Zurich;2025-02-01 17:03:23.000;
2268cb53-b9bc-4306-a4ea-abae81282fca;2025-02-04 18:08:14.000;HN;Honduras;Tegucigalpa;2025-02-04 18:09:52.000;2025-02-04 18:10:19.000
1b9cfb0e-7428-41fc-90ec-7e12da0eeabd;2025-02-04 19:19:24.000;HN;Honduras;Tegucigalpa;2025-02-04 20:12:45.000;2025-02-04 20:34:35.000
1b9cfb0e-7428-41fc-90ec-7e12da0eeabd;2025-02-04 19:19:24.000;HN;Honduras;Tegucigalpa;2025-02-04 20:12:45.000;2025-02-04 20:35:56.000
9258e89f-304d-4258-bf08-403887f4a895;2025-02-04 22:54:10.000;CO;Colombia;Manizales;2025-02-04 22:56:35.000;2025-02-04 23:00:48.000
9258e89f-304d-4258-bf08-403887f4a895;2025-02-04 22:54:10.000;CO;Colombia;Manizales;2025-02-04 22:56:35.000;2025-02-04 22:56:43.000
1606f22e-7dfc-4f06-9c3d-c6eccb7e1ee2;2025-02-05 14:35:21.000;HN;Honduras;Tegucigalpa;2025-02-05 14:46:04.000;2025-02-05 14:41:12.000
1606f22e-7dfc-4f06-9c3d-c6eccb7e1ee2;2025-02-05 17:02:12.000;HN;Honduras;Tegucigalpa;2025-02-05 14:46:04.000;2025-02-05 14:41:12.000
cb6ba8d1-48ee-4779-89f7-10d22916c32f;2025-02-05 22:35:20.000;CO;Colombia;Manizales;2025-02-05 22:35:46.000;2025-02-05 22:36:18.000
7e517c48-6902-41e0-a906-fdb803f624ad;2025-02-05 22:36:45.000;CO;Colombia;Bogotá;2025-02-05 22:53:19.000;2025-02-05 22:37:51.000
7e517c48-6902-41e0-a906-fdb803f624ad;2025-02-05 22:36:45.000;CO;Colombia;Bogotá;2025-02-05 22:53:15.000;2025-02-05 22:37:51.000
7e517c48-6902-41e0-a906-fdb803f624ad;2025-02-05 22:36:45.000;CO;Colombia;Bogotá;2025-02-05 22:53:18.000;2025-02-05 22:37:51.000
7e517c48-6902-41e0-a906-fdb803f624ad;2025-02-05 22:36:45.000;CO;Colombia;Bogotá;2025-02-05 22:53:03.000;2025-02-05 22:37:51.000
05ed25c6-b534-428e-90d8-7a9e1bc03644;2025-02-05 22:44:48.000;CO;Colombia;Manizales;2025-02-05 22:45:56.000;2025-02-05 22:45:58.000
28e92d4d-d8da-49b1-b854-67805cc2a8b1;2025-02-05 22:53:34.000;CO;Colombia;Manizales;;2025-02-05 22:54:20.000
a3ae0bd0-6271-423d-bf07-b82f8ceb270f;2025-02-05 22:54:53.000;CO;Colombia;Medellín;;2025-02-05 22:55:52.000
a3ae0bd0-6271-423d-bf07-b82f8ceb270f;2025-02-05 22:55:00.000;US;United States;None;;2025-02-05 22:55:52.000
7e8c92f4-989b-4738-8e86-08a069892fa4;2025-02-05 22:57:29.000;CO;Colombia;Medellín;2025-02-05 22:57:46.000;
2559133a-188e-4014-bac9-f513d0e3ae39;2025-02-05 23:04:51.000;CO;Colombia;Manizales;2025-02-05 23:05:18.000;2025-02-05 23:06:15.000
2559133a-188e-4014-bac9-f513d0e3ae39;2025-02-05 23:04:51.000;CO;Colombia;Manizales;2025-02-05 23:05:18.000;2025-02-05 23:06:14.000
7e8c92f4-989b-4738-8e86-08a069892fa4;2025-02-05 23:31:23.000;CO;Colombia;Medellín;2025-02-05 22:57:46.000;
bb4228a4-1db4-49d3-9424-33eb910fc72e;2025-02-06 01:21:59.000;IN;India;Agartala;2025-02-06 01:22:19.000;
e8494d5b-f221-4f0e-b714-e7f3a5d31f35;2025-02-06 01:24:29.000;IN;India;Agartala;;
08ef324f-d05d-4c82-8e3f-18a33d557336;2025-02-06 20:20:18.000;CO;Colombia;Arauca;2025-02-06 20:20:49.000;2025-02-06 20:21:14.000
08ef324f-d05d-4c82-8e3f-18a33d557336;2025-02-06 20:20:18.000;CO;Colombia;Arauca;2025-02-06 20:20:49.000;2025-02-06 20:21:09.000
0623546a-03e9-4922-8c7c-fe3066536c70;2025-02-07 08:07:32.000;MY;Malaysia;Cyberjaya;2025-02-07 08:10:29.000;
0623546a-03e9-4922-8c7c-fe3066536c70;2025-02-07 08:07:32.000;MY;Malaysia;Cyberjaya;2025-02-07 08:09:46.000;
0623546a-03e9-4922-8c7c-fe3066536c70;2025-02-07 08:07:32.000;MY;Malaysia;Cyberjaya;2025-02-07 08:09:57.000;
499fafbc-0800-4747-95e4-9293227e4560;2025-02-07 08:12:46.000;MY;Malaysia;Cyberjaya;;
e31d3b03-d9f9-43d2-ae47-9b1785f955fc;2025-02-07 15:17:54.000;NO;Norway;Trondheim;2025-02-07 15:19:03.000;
08ebb996-1249-47ff-8ea9-9788a1bc34f2;2025-02-07 15:24:13.000;NO;Norway;Trondheim;2025-02-07 15:24:44.000;
768cf1ce-9509-47d0-9e11-f1f7e0d7f721;2025-02-07 18:13:14.000;CY;Cyprus;Limassol;2025-02-07 18:13:47.000;2025-02-07 18:13:49.000
091dc526-4f00-4cf5-a6a8-ab885ff2f6c5;2025-02-07 21:00:47.000;HN;Honduras;Tegucigalpa;2025-02-07 21:01:49.000;2025-02-07 21:02:19.000
ff741619-e27b-4727-955a-341ae38e93f4;2025-02-08 04:57:36.000;PH;Philippines;Mandaluyong;2025-02-08 04:57:56.000;
961d43a4-01bd-4bd6-b23f-06f23a34f342;2025-02-08 05:10:24.000;PH;Philippines;Mandaluyong;;
c041504c-3730-4b71-8a01-84c5dd04a5af;2025-02-09 02:05:51.000;CA;Canada;Vancouver;;
308ffa43-49c1-4128-b51c-412d77c87491;2025-02-09 02:07:23.000;CA;Canada;Vancouver;2025-02-09 02:07:55.000;
f576bb8f-a47b-45ef-a269-b86512ba0077;2025-02-10 06:04:10.000;CA;Canada;Chilliwack;2025-02-10 06:05:36.000;2025-02-10 06:05:43.000
968bc6e5-c227-4157-97d9-cba04f15351f;2025-02-10 06:18:48.000;CA;Canada;Chilliwack;2025-02-10 06:19:41.000;2025-02-10 06:19:52.000
df429262-da88-4f00-bec7-5c2e90730b62;2025-02-10 21:35:44.000;HN;Honduras;Tegucigalpa;2025-02-10 21:37:02.000;2025-02-10 21:36:13.000
7e517c48-6902-41e0-a906-fdb803f624ad;2025-02-10 22:12:13.000;CO;Colombia;Manizales;2025-02-05 22:53:18.000;2025-02-05 22:37:51.000
7e517c48-6902-41e0-a906-fdb803f624ad;2025-02-10 22:12:13.000;CO;Colombia;Manizales;2025-02-05 22:53:15.000;2025-02-05 22:37:51.000
7e517c48-6902-41e0-a906-fdb803f624ad;2025-02-10 22:12:13.000;CO;Colombia;Manizales;2025-02-05 22:53:03.000;2025-02-05 22:37:51.000
7e517c48-6902-41e0-a906-fdb803f624ad;2025-02-10 22:12:13.000;CO;Colombia;Manizales;2025-02-05 22:53:19.000;2025-02-05 22:37:51.000
9cee3c2c-1633-4c9b-90c7-2cd5f3f6436a;2025-02-11 01:51:04.000;PH;Philippines;San Juan;2025-02-11 01:53:43.000;
9cee3c2c-1633-4c9b-90c7-2cd5f3f6436a;2025-02-11 02:14:52.000;PH;Philippines;San Juan;2025-02-11 01:53:43.000;
9cee3c2c-1633-4c9b-90c7-2cd5f3f6436a;2025-02-11 02:14:58.000;PH;Philippines;San Juan;2025-02-11 01:53:43.000;
f1c061a8-b660-4377-b15f-643c6571b22f;2025-02-11 02:15:23.000;PH;Philippines;San Juan;;
06a1e3f0-842b-4bac-a70a-5c603b048a52;2025-02-12 12:27:26.000;DE;Germany;Mannheim;;2025-02-12 12:28:36.000
06a1e3f0-842b-4bac-a70a-5c603b048a52;2025-02-12 12:27:26.000;DE;Germany;Mannheim;;2025-02-12 12:27:54.000
ae8a52c8-2747-42d8-9880-3a1631e4a0f2;2025-02-12 12:36:34.000;DE;Germany;Eppelheim;2025-02-12 12:36:49.000;2025-02-12 12:38:01.000
b9bc38a5-f4c0-4b69-a258-0f5b0b7fc5d5;2025-02-12 13:07:04.000;DE;Germany;Eppelheim;2025-02-12 13:07:12.000;
d93171dd-c1f9-457f-b26b-e3bcb72aa8f2;2025-02-12 13:08:28.000;DE;Germany;Eppelheim;;
16f88c58-2655-49c8-a979-b606b48f903b;2025-02-12 13:10:28.000;DE;Germany;Eppelheim;;
bf1d7560-afb7-4f7d-86a5-6eed601e27ea;2025-02-12 13:13:58.000;DE;Germany;Eppelheim;;
667e1c19-80ed-4712-9ae2-86491f002039;2025-02-12 13:16:00.000;DE;Germany;Eppelheim;2025-02-12 13:16:21.000;
c1669584-a21c-4dfd-9875-5f95d7e18a67;2025-02-12 13:21:03.000;DE;Germany;Eppelheim;;
718e4f49-bde5-4333-902b-db7e952ccdc9;2025-02-12 13:23:54.000;DE;Germany;Eppelheim;2025-02-12 13:24:18.000;2025-02-12 13:25:20.000
816e45eb-8e36-4d2a-81cd-36e21efd31e3;2025-02-12 13:29:20.000;DE;Germany;Eppelheim;2025-02-12 13:29:27.000;2025-02-12 13:31:50.000
15774d63-61c7-485d-a507-96a16d388c52;2025-02-12 13:34:05.000;DE;Germany;Eppelheim;;2025-02-12 13:34:27.000
6a55d416-f0ad-4fdb-bcad-9898a6463719;2025-02-12 13:36:03.000;DE;Germany;Eppelheim;;2025-02-12 13:36:31.000
7e4e39bd-7bcd-4ecf-a018-c41752749c4b;2025-02-12 13:40:33.000;DE;Germany;Eppelheim;;2025-02-12 13:41:03.000
f7dae360-f630-4f0d-93a0-4204ca3bcd16;2025-02-12 13:45:26.000;DE;Germany;Eppelheim;;2025-02-12 13:45:52.000
dd11cc20-b76b-4530-be23-eb5cdb909a4d;2025-02-12 13:51:05.000;DE;Germany;Eppelheim;;2025-02-12 13:51:44.000
307c88a3-7958-45c7-a1cf-dfda5004796e;2025-02-12 14:24:18.000;DE;Germany;Munich;;
4aaf755c-a1f1-4895-ab13-4a6fadca0312;2025-02-12 14:52:22.000;DE;Germany;Eppelheim;2025-02-12 14:53:21.000;2025-02-12 14:53:29.000
6b80aded-ae62-468d-8db4-c4ecd11879a6;2025-02-12 14:55:22.000;DE;Germany;Eppelheim;;2025-02-12 14:55:52.000
7e8c92f4-989b-4738-8e86-08a069892fa4;2025-02-12 14:56:54.000;CO;Colombia;Manizales;2025-02-05 22:57:46.000;
83b89842-62be-4545-b3d1-07e862f98d3d;2025-02-12 15:01:49.000;DE;Germany;Eppelheim;2025-02-12 15:02:39.000;2025-02-12 15:02:21.000
7e8c92f4-989b-4738-8e86-08a069892fa4;2025-02-12 15:15:49.000;CO;Colombia;Manizales;2025-02-05 22:57:46.000;
307c88a3-7958-45c7-a1cf-dfda5004796e;2025-02-13 09:40:18.000;DE;Germany;Berlin;;
67f7bc5b-825b-4aed-bafe-1c9aebc8b9e1;2025-02-13 16:10:13.000;IS;Iceland;Reykjavik;2025-02-13 16:18:06.000;
cff2571a-c55c-47b1-ba6b-bd189d24ffa0;2025-02-13 16:21:27.000;IS;Iceland;Reykjavik;2025-02-13 16:21:52.000;2025-02-13 16:23:46.000
73f0b7ae-53b4-447a-9e96-d7fe802de74c;2025-02-13 20:37:51.000;CA;Canada;Vancouver;;
ddc7b93c-fd2b-4d04-9a76-c90f21687e02;2025-02-14 09:45:05.000;DE;Germany;Ulm;2025-02-14 09:45:10.000;2025-02-14 10:36:38.000
ddc7b93c-fd2b-4d04-9a76-c90f21687e02;2025-02-14 09:45:05.000;DE;Germany;Ulm;2025-02-14 10:36:45.000;2025-02-14 10:36:38.000
ddc7b93c-fd2b-4d04-9a76-c90f21687e02;2025-02-14 09:45:05.000;DE;Germany;Ulm;2025-02-14 09:45:10.000;2025-02-14 09:45:37.000
ddc7b93c-fd2b-4d04-9a76-c90f21687e02;2025-02-14 09:45:05.000;DE;Germany;Ulm;2025-02-14 10:36:45.000;2025-02-14 09:45:37.000
cff2571a-c55c-47b1-ba6b-bd189d24ffa0;2025-02-14 11:13:48.000;IS;Iceland;Reykjavik;2025-02-13 16:21:52.000;2025-02-13 16:23:46.000
90854e0d-a993-4190-ad5e-b480d421b2c0;2025-02-14 14:00:03.000;DE;Germany;Heidelberg;;2024-12-10 10:47:01.000
674acb7f-fde7-4863-bcdb-177c0df3b524;2025-02-14 14:29:36.000;DE;Germany;Ulm;;
86b95bb7-036f-4003-896c-eb3c086955ae;2025-02-14 14:33:33.000;DE;Germany;Ulm;;
a4334b39-fd78-4e7d-8432-a5c86f7ac089;2025-02-14 16:48:35.000;CA;Canada;Vancouver;;2025-02-14 16:50:13.000
694b6825-c9a5-41d1-b959-bda32d78656f;2025-02-14 17:08:50.000;CA;Canada;Vancouver;;2025-02-14 17:10:21.000
e162dc22-51be-40fc-9055-459202a49288;2025-02-15 08:59:20.000;PH;Philippines;None;;2025-02-15 08:59:41.000
346fa988-f1c6-423a-8c07-9546e346dc36;2025-02-15 17:38:54.000;NO;Norway;Oslo;2025-02-15 17:39:12.000;
